update_timestamp,title,news
2022-11-23 17:17:00,"Neu bei Sky und WOW im Dezember 2022: Jurassic World 3, Downton Abbey II, Spider-Man & mehr",Die neuen Serien sowie Film-Premieren bei WOW & Sky im Dezember findet ihr bei GIGA in der Übersicht.
2022-11-23 17:00:00,Zu gefährlich für Deutschland: Zoll beschlagnahmt Produkt von Elon Musk,"Wer an Elon Musk denkt, hat sofort Tesla im Kopf. Tatsächlich bietet der exzentrische Milliardär aber weit mehr als E-Autos an. Ein Produkt von seiner Boring Company war dem Zoll in Deutschland zu heiß – ganz buchstäblich."
2022-11-23 17:00:00,Das beste Laptop: Keiner schlägt das MacBook Air M1,"„Es gibt kein einziges Windows-Notebook unter 1.000 US-Dollar, das die Leistung, Mobilität und Batterielaufzeit des M1 MacBook Air übertrifft,“ schrieb kürzlich der 3D-Künstler Ian Zelbo bei Twitter. Mit dieser Aussage hat er Recht."
2022-11-23 16:40:00,ADAC richtet klare Worte an Autobauer: So kann es nicht weitergehen,"Geht es nach dem ADAC, haben die Autohersteller den falschen Weg eingeschlagen. Autos werden immer teurer, Luxus-Modelle kriegen Vorrang vor Pkw, die sich die Menschen leisten können – so kann es nicht weitergehen. Vor allem für den Umstieg auf Elektroautos muss der Wind sich drehen."
2022-11-23 16:37:00,Fußball-WM heute: Spanien - Costa Rica im Live-Stream und TV – Übertragung bei ARD,Am Mittwoch können Fußballfans wieder zu 4 Matches aus Katar einschalten. Anders als gestern werden auch alle Spiele im Free-TV gezeigt. Deutschland hat sein Spiel hinter sich gebracht. Die dritte Begegnung ist das Spiel zwischen Spanien und Costa Rica. Im Live-Stream und TV könnt ihr auch hier wieder bei ARD einschalten.
2022-11-23 16:30:00,God of War Ragnarök: Game Director hat schlechte Nachrichten,Die meisten Fans von God of War Ragnarök werden noch mit dem Spiel selbst beschäftigt sein. Doch was kommt danach? Ist ein DLC für das Erfolgs-Game geplant? Genau zu diesem Thema hat sich jetzt Eric Williams als Game Director geäußert – und wohl schlechte Nachrichten im Gepäck gehabt.
2022-11-23 15:50:00,Netflix hält Wort: 2. Staffel von Serien-Geheimtipp kommt noch im Dezember,"„Squid Game“ ist bis dato die erfolgreichste Serie bei Netflix. Von der hat der Streaming-Anbieter bereits eine zweite Staffel angekündigt, doch die braucht noch Zeit. Wesentlich früher kommt jetzt die zweite Staffel von „Alice in Borderland“ – ähnlich gut wie „Squid Game“, doch noch immer ein absoluter Geheimtipp."
2022-11-23 15:30:00,iCloud: Windows-Nutzer sehen Bilder und Videos fremder Personen,"In der neuen iCloud-App für Windows besteht ein umfangreiches Sicherheitsproblem. Nutzer berichten davon, dass sie plötzlich Fotos und Videos von Personen auf dem Bildschirm haben, die sie gar nicht kennen. Auch beim Import von eigenen Videos bereitet iCloud für Windows Probleme."
2022-11-23 14:45:00,iPhone 11 unter 400 Euro: Was für ein Black-Friday-Hammer,"Ein iPhone 11 kostete bei Apple zuletzt noch mindestens 579 Euro. Ein Preis von unter 400 Euro klingt besser. Den bietet jetzt o2. Es gibt allerdings einen kleinen Haken, denn Couch-Potatoes gehen leer aus."
2022-11-23 14:30:00,Windows 8.1 verschwindet: Microsoft zieht endgültig den Stecker,"Das Ende von Windows 8.1 rückt näher: Wie Microsoft gerade erklärt hat, wird der erweiterte Support für das neun Jahre alte Betriebssystem bald endgültig eingestellt. Aktualisierungen und Sicherheits-Patches gibt es schon länger nicht mehr. Microsoft empfiehlt den Umstieg auf ein aktuelles Windows."
2022-11-23 13:30:00,Neue Regeln bei Instagram und Facebook: Das ändert sich für Teenager,"Meta hat als Betreiber von Instagram und Facebook neue Regeln eingeführt, die minderjährige Nutzer betreffen. Sie sollen besser vor „potenziell verdächtigen Erwachsenen“ geschützt werden. Unter anderem stehen neue Privatsphäre-Einstellungen bereit und die Kontaktaufnahme wird erschwert."
2022-11-23 13:20:00,Neuer Schwung für E-Autos? Japanischer Hersteller bleibt wankelmütig,"Die Automobilbranche stellt sich auf das Ende des Verbrenners immer weiter ein. Jetzt geht auch eine der wenigen Marken einen elektrischeren Weg, die bisher noch sehr zögerlich in punkto E-Autos war: Mazda. Doch ein echtes Bekenntnis zum reinen E-Auto bleibt noch immer aus."
2022-11-23 12:46:00,Über 60 Sender kostenlos: ARD bringt neuen Service auf Fernseher,Die ARD erweitert ihr Programmangebot deutlich. Ein neuer Service bringt über 60 Sender auf den Smart-TV. Eine separate App ist dafür nicht nötig. Filme sucht man aber vergeblich.
2022-11-23 12:15:00,Dead or Alive & Ninja Gaiden: Das sagen die Entwickler zur Neuauflage,"Es gibt einige Spieleklassiker, die eine Neuauflage absolut verdient hätten. Dazu würden auch die Videospielreihen Dead or Alive und Ninja Gaiden gehören. Nach Gerüchten, diese Spiele würden ein Reboot erhalten, meldet sich nun Team Ninja zu Wort."
2022-11-23 11:48:00,Disney+ macht Traum wahr: Diese Kultserie schafft es endlich wieder ins TV,"Denny Crane ist zurück. Denny wer? Wenn ihr diese Frage nicht beantworten könnt, habt ihr die wahrscheinlich beste und bizarrste Anwaltsserie der Welt noch nicht gesehen. „Boston Legal“ lief einst im Fernsehen und kommt jetzt endlich wieder zurück – Disney+ macht es möglich."
2022-11-23 11:32:00,KN-Logo? Hinter dem verwirrenden Auto-Symbol steckt ein alter Bekannter,"Ikonische Automarken erkennt man oft schon aus der Ferne, doch vor allem kommt es auf das Markenzeichen an: Ob Mercedes-Stern, BMWs vermeintlicher Propeller oder die Ringe von Audi – sie alle sind unverkennbar. Ganz anders als dieses verwirrende „KN“, das man jetzt überall sieht. Dabei sind die Autos mit dem ungewohnten Zeichen alte Bekannte."
2022-11-23 11:21:00,"Xbox Store: Microsoft blockiert Trick, um Geld zu sparen","Die Funktion „Als Geschenk kaufen“ wird gerne mal genutzt, um anderen eine Freude zu machen. Diese ist in den Xbox Stores jetzt allerdings gesperrt. Zumindest in einigen Ländern – und das aus einem speziellen Grund."
2022-11-23 11:13:00,Bald in Xiaomi-Handys: Neue Technologie sorgt für besseres Design,Xiaomi ist bekannt für seine Experimentierfreudigkeit. Doch eins konnte der Smartphone-Hersteller bisher nicht loswerden – die Frontkamera im Display. Mit einer neuen Idee könnte das jetzt aber passieren. Ganz so neu ist die Überlegung aber nicht. Andere Hersteller hatten sie nämlich schon vorher. Und auch Xiaomi hat sie schon in seinen Redmi-Handys eingesetzt.
2022-11-23 10:55:00,ID. Golf: VW-Chef will Kultauto elektrisch weiterführen,Was passiert mit dem VW Golf in einer rein elektrischen Zukunft? Die Frage stellen sich Fans ebenso drängend wie Volkswagen selbst. Markenchef Thomas Schäfer kann sich die Zukunft mit einem ID. Golf vorstellen. Offiziell hält VW aber noch den Ball flach.
2022-11-23 09:30:00,Motorola legt vor: Neues High-End-Handy lässt die Muskeln spielen,"Motorola entwickelt sich langsam, aber sicher zu einem der interessantesten Smartphone-Hersteller und könnte eine echte Alternative zu Samsung und Xiaomi werden. Mit dem Moto X40 lässt Motorola die Muskeln spielen und gibt auch einen guten Ausblick darauf, was uns bei anderen Herstellern erwartet."
2022-11-23 09:10:00,Schnellstes 5G-Handy: iPhone vs. Android – in Deutschland eine klare Sache,"Wer im 5G-Netz surft, ist schnell unterwegs. Fragt sich nur, wie temporeich und mit welchem Handy ihr am besten bedient sein. Muss es ein iPhone sein, wie schlagen sich die Androiden? Eine Antwort darauf gibt aktuell die Auswertung der Nutzerdaten des bekannten Speedtests von Ookla."
2022-11-23 08:31:00,Samsung übertrifft sich selbst: Große Android-Updates kommen viel früher,"Wenn ihr ein Samsung-Smartphone oder -Tablet besitzt, dann stehen die Chancen aktuell sehr gut, dass ihr das große Software-Update auf Android 13 und One UI 5.0 schon angeboten bekommt oder viel früher erhaltet, als es von Samsung angekündigt wurde. Das Unternehmen gibt aktuell nämlich richtig Gas und hat einen ambitionierten Plan."
2022-11-23 06:48:00,Kein eigenes Auto? Was die Deutschen stattdessen wollen,"Das eigene Auto ist der Königsweg der Mobilität in Deutschland, ob Elektroantrieb, Diesel oder Benziner. Obwohl es vom E-Bike über das klassische Fahrrad bis zum E-Scooter jede Menge Alternativen gibt, bleibt das Auto die Nummer 1. Doch wie unerschütterlich ist diese Gewissheit wirklich?"
2022-11-22 17:30:00,Vodafone-Störung – hier gibt es heute Probleme,"Durch Umbauarbeiten und technische Probleme kommt es bei Vodafone auch heute zu Störungen. GIGA hält die Probleme im Blick und erklärt, warum ein aktuelles „Vodafone-Down“ euch betreffen kann und welche Dienste Störungen haben."
2022-11-22 16:45:00,Umweltbonus 2023: Skoda macht E‑Auto-Kunden ein großes Versprechen,"Wer sich ein E-Auto kauft oder least, freut sich auf den Umweltbonus. Zumindest noch bis 2023, denn dann gibt es deutlich weniger Geld. Skoda will jetzt sichergehen, dass Käufer eines Elektroautos nicht auf die Förderung verzichten müssen. Wer den Bonus von Skoda einstreichen will, muss aber einiges beachten."
2022-11-22 16:39:00,"Samsung-Nutzer, aufgepasst: Diesen Fehler solltet ihr vermeiden","Einmal Samsung, immer Samsung: Mit exzellenter Elektronik haben sich die Südkoreaner eine treue Nutzerbasis aufgebaut. Wenn die Fanliebe aber auch bei Passwörtern zum Vorschein kommt, kann das schnell nach hinten losgehen. Einen Fehler sollte man vermeiden."
2022-11-22 16:06:00,"Abos im Auto: Mercedes beweist, wie absurd das Modell wirklich ist","Mercedes verpasst seinen E-Autos ein Upgrade, das es in sich hat: Die volle Leistung der Elektro-Schleudern aus Stuttgart lässt sich so per Software freischalten. Doch der Leistungsboost hat seinen Preis – und der haut richtig rein."
2022-11-22 15:54:00,Apple verrät grandiosen Tipp: Geht jetzt auch mit iPhone und iPad ab iOS 16,"Bei der Vielzahl neuer Funktionen und Features vom aktuellen iOS 16 verliert auch ihr bestimmt schon mal den Überblick. Auch deshalb erinnert Apple von Zeit zu Zeit an praktische und teils echt geniale Tipps. Schon gewusst? Auch beim iPhone und iPad könnt ihr euch alle WLAN-Passwörter anzeigen lassen, mit denen eure Geräte bereits verbunden waren."
2022-11-22 15:10:00,WM 2022: Wann spielt Deutschland & wo wird es übertragen?,Die Fußball-Weltmeisterschaft läuft und die ersten Nationen haben gegen den Ball getreten. Fans der deutschen Nationalmannschaft müssen sich noch ein wenig gedulden. Wann spielt Deutschland und wo kann man das erste WM-Spiel des DFB im Live-Stream und TV ansehen?
2022-11-22 14:56:00,Apple Pencil 2 zum Black Friday: Neuer Tiefstpreis für den iPad-Eingabestift,"Auf der Suche nach dem besten Preis für den Apple Pencil der 2. Generation, um das eigene iPad aufzupeppen? Ihr habt ihn jetzt bei Amazon gefunden. Ein absolutes Schnäppchen in der Black-Friday-Woche."
2022-11-22 14:40:00,Geschenkt von der Bundesbank: Cleveres Gadget hilft gegen Falschgeld,"Kurz nicht aufgepasst – und schon hält man eine Blüte in den Händen. Geldwäscher setzen auf die kurzen Momente der Unachtsamkeit, um ihr Falschgeld unter die Leute zu bringen. Ein cleveres Gadget der Bundesbank hilft aber dagegen. Das gibt es für jeden Bürger gratis und versandkostenfrei."
2022-11-22 13:03:00,Elon Musk braucht Hilfe: iPhone-Legende soll es richten,"Bei Twitter geht es drunter und drüber. Neu-Eigentümer Elon Musk lässt kein Stein auf dem anderen, zwischenzeitlich wurden tausende Angestellte rausgeworfen. Einen prominenten Neuzugang gibt es auch: George Hotz. Dauerhaft bleibt die iPhone-Legende aber nicht."
2022-11-22 12:50:00,Ubisoft macht große Ankündigung: Rückkehr zu Steam steht kurz bevor,"Es gab Hinweise, doch nun ist es offiziell. Eine Ubisoft-Sprecherin hat bestätigt, dass einige Ubisoft-Spiele den Weg zurück auf die Plattform Steam finden und das schon nächsten Monat."
2022-11-22 12:48:00,"Zurück bei Disney+: Dieser Film beweist, wie ausgeliefert wir den Streaming-Diensten sind","Praktisch über Nacht ist einer der erfolgreichsten Filme überhaupt aus dem Streaming-Angebot von Disney verschwunden. Doch jetzt ist Avatar – Aufbruch nach Pandora wieder verfügbar. Gerade rechtzeitig, um zu beweisen, was Disney mit diesem Schritt bezweckt hat."
2022-11-22 12:32:00,Xiaomi 13: Neues Top-Handy wird ein kleiner Überflieger,"Mit dem Xiaomi 13 wird in den kommenden Wochen ein neues High-End-Smartphone des chinesischen Herstellers vorgestellt. Schon jetzt sind einige Spezifikationen durchgesickert, die einen starken Konkurrenten für das Samsung Galaxy S23 erwarten lassen."
2022-11-22 12:04:00,Mein Lieblingszubehör von Apple kostet nur 39 Euro,"Welches das beste Apple-Produkt der letzten Monate oder Jahre war, das weiß man vor allem hinterher. Über ein Jahr nach der Anschaffung steht mein persönlicher Favorit fest."
2022-11-22 12:01:00,Amazon schenkt dir 10 Euro: Nicht nur für Apple-Nutzer interessant,"Noch bis zum 28. November hat Amazon etwas zu verschenken. Wer nämlich eine Geschenkkarte von Apple im Shop kauft, der erhält im Anschluss ein Aktionsguthaben in Höhe von 10 Euro direkt bei Amazon. Aktuell scheint die Aktion aber noch mit Startschwierigkeiten zu kämpfen."
2022-11-22 11:57:00,Guardians of the Galaxy Holiday Special: Wann & wo läuft das Weihnachtsspecial im Stream?,"Mit dem „The Guardians of the Galaxy Holiday Special“ erscheint ein Weihnachtsspecial mit kompletter Original-Besetzung. Wann und wo, erfahrt ihr hier."
2022-11-22 11:43:00,Akku für 12.000 Euro: China-Hersteller fährt E-Auto-Start voll an die Wand,"NIO verkauft seine E-Autos in Deutschland nun doch, statt nur auf ein Abo-Modell zu setzen. Was als guter Schritt gedacht war, könnte aber gehörig nach hinten losgehen. Denn die Marke aus China verlangt ab 12.000 Euro zusätzlich zu den bereits hohen Kaufpreisen als Kosten für den Akku – und das ist noch der günstigste."
2022-11-22 11:16:00,Activision Blizzard: Geheimer Deal mit Google aufgetaucht,"Im Jahr 2020 reichte Epic Games Klage gegen Google ein. Grund waren unter anderem wettbewerbswidrige Praktiken. Google zahle wohl dafür, dass Entwickler keine eigenen App-Stores aufmachen. Darunter auch Activision Blizzard."
2022-11-22 11:10:00,Die besten Tarif-Angebote der Woche:  Das sind die Top-Handyverträge,"Zwischen den unzähligen Handyverträgen den besten zu finden, ist nicht leicht – GIGA hilft bei der Suche. Aus allen verfügbaren Angeboten haben wir die Tarife mit dem besten Preis-Leistungs-Verhältnis gefiltert. Die Highlight-Tarife gibt's in diesem Artikel."
2022-11-22 10:49:00,Gaspreisbremse wird erweitert: Zusätzliche Entlastungen kommen,"Eigentlich sollte die Gaspreisbremse erst ab März 2023 gelten. Jetzt wurde bekannt, dass der Gesetzentwurf von der Bundesregierung geändert wurde. Die Entlastungen greifen nun auch rückwirkend, sodass viele Menschen bei den zuletzt stark steigenden Preisen ordentlich sparen dürften."
2022-11-22 09:27:00,Neue WhatsApp-Funktion bringt euch direkt in den Messenger,"WhatsApp bekommt in regelmäßigen Abständen neue Funktionen. Jetzt wurde ein Feature freigeschaltet, welches euch persönlich betrifft. Ihr könnt nämlich einen eigenen Avatar in WhatsApp erstellen und so Teil von WhatsApp werden."
2022-11-22 09:18:00,iPhone 15 wird doch anders: Apple legt bei Form und Material Hand an,"Bei Designänderungen gehört Apple eher zur konservativen Sorte. So verwundert es nicht, dass der Hersteller das grundsätzliche Erscheinungsbild des iPhones immer nur sehr behutsam ändert. Beim iPhone 15 im nächsten Jahr ist es mal wieder so weit."
2022-11-22 08:41:00,Samsung Galaxy S23 Ultra: Sogar ein Wechsel vom S22 Ultra lohnt sich,"Samsung wird schon bald mit dem Galaxy S23 Ultra ein neues High-End-Smartphone vorstellen, welches ein großer Sprung selbst im Vergleich zum Galaxy S22 Ultra sein wird. Neue Details zeigen, dass sich eventuell sogar der direkte Wechsel lohnen könnte. Das gilt zumindest für alle, die die maximale Leistung haben wollen."
2022-11-22 08:14:00,Neues Spiel im Xbox Game Pass: Knallharter Shooter erwartet euch,Gamer mit Xbox Series X|S oder PC können sich dank Game Pass regelmäßig auf neue Spiele freuen. Allerdings werden auch immer wieder Spiele aus dem Abo-Service entfernt. Zum Glück gibt es sofort Ersatz. Jetzt erwartet euch ein Shooter mit jede Menge Action.
2022-11-22 07:15:00,Deswegen dürft ihr am Telefon niemals mit „Ja“ antworten,"Wer einen Anruf von einer unbekannten Nummer bekommt, sollte nie das Wort „Ja“ in den Mund nehmen. Davor warnt nicht nur die Verbraucherzentrale, sondern auch ich persönlich. Denn trotz viel Übung bin ich doch wieder auf eine der Maschen reingefallen – und hab es nicht einmal gemerkt."
2022-11-22 06:42:00,Bittere Pille für Vodafone: Deutsche Kunden spielen nicht mehr mit,"Deutsche Vodafone-Kunden kehren dem Provider den Rücken. Während der Düsseldorfer Anbieter beim Mobilfunk Erfolge melden kann, strauchelt ausgerechnet das Kabelgeschäft, auf das sich Vodafone lange verlassen konnte. Die „schwache Entwicklung in Deutschland“ wird für den Konzern zur Prüfung."
2022-11-22 06:15:00,So einfach könnt ihr die iPhone-Akkulaufzeit verlängern,"Wenn ihr euch ein neues iPhone geholt habt und mit der Akkulaufzeit nicht zufrieden seid, könnt ihr sie ganz einfach verlängern. Dazu muss nur eine Einstellung getroffen werden, die beeinflusst, in welchem Netz sich das iPhone aufhält. Geht ihr diesen Kompromiss ein, erhaltet ihr eine spürbar längere Akkulaufzeit."
2022-11-22 06:15:00,E-Autos können Jobs kosten: Das will der Ford-Chef dagegen tun,E-Autos sind nicht nur für Kunden eine Umstellung. Auch die Hersteller müssen in kurzer Zeit enorme Veränderungen stemmen. Für Ford-Chef Jim Farley stellt der Wechsel auf Elektroantrieb jede Menge Arbeitsplätze infrage. Doch er hat einen Plan.
2022-10-28 20:55:00,Letzte Chance: Foto-Special bei GIGA – 3 Vollversionen kostenlos zum Download,Nur noch heute bekommt ihr im Rahmen eines Foto-Specials bei GIGA drei normalerweise kostenpflichtige Windows-Vollversionen aus dem Themenbereich Foto gratis zum Download. Details zu den Programmen sowie die zugehörigen Downloadmöglichkeiten findet ihr im folgenden Artikel.
2022-10-28 18:15:00,MediaMarkt verrät: So viel spart ihr wirklich bei Rabattaktionen,"MediaMarkt veranstaltet regelmäßig Rabattaktionen mit oft ziemlich guten Preisen. Doch ihr müsst genau hinschauen, ob ihr wirklich ein Schnäppchen macht. Meist sind die Preise nämlich nur etwas günstiger als zuvor, obwohl ein höherer Rabatt suggeriert wird. Genau deswegen hat MediaMarkt jetzt eine Transparenz-Aktion gestartet, in der der zuletzt niedrigste Preis angezeigt wird. So erkennt ihr besser, ob das Angebot..."
2022-10-28 17:32:00,Aufatmen für Autokäufer? Trendwende bei Neuwagen deutet sich an,"Wer sich ein neues Auto zulegen will oder muss, hat keine gute Zeit erwischt. Die Preise klettern noch immer weiter, Sparer und Schnäppchenjäger müssen zusehen, wo sie bleiben. Doch inzwischen gibt es erste Anzeichen, dass sich der Wind bald drehen könnte."
2022-10-28 17:30:00,"Sky dreht an der Preisschraube: Kunden zahlen bis 9,99 Euro im Monat mehr","Jetzt wird auch noch Sky teurer: Bestandskunden, bei denen der Vertrag ausläuft, sollen bis zu 9,99 Euro mehr im Monat zahlen. Mehr Inhalte gibt es aber nicht zu sehen. Neukunden sind von der Preiserhöhung zunächst ausgenommen."
2022-10-28 17:25:00,"Sonos Super-Sale: Lautsprecher, Heimkino-Sets & Co. zum Sparpreis","Lautsprecher, Soundbars oder ganze Heimkino- und Entertainment-Sets – bei tink könnt ihr euch jetzt für kurze Zeit geniale Sound-Schnäppchen von Sonos sichern. Wir zeigen euch, welche Deals sich besonders lohnen und wie ihr on top noch extra sparen könnt."
2022-10-28 16:35:00,Schlappe für Xiaomi: Weg zur Smartphone-Krone wird länger,"Xiaomi hat sich zu einem der größten und wichtigsten Smartphone-Hersteller der Welt hochgearbeitet. Das chinesische Unternehmen möchte Samsung und Apple schlagen, um die Nummer eins zu werden. Das Ziel rückt aber in weite Ferne, denn die Verkaufszahlen sinken."
2022-10-28 16:30:00,Paywall bei Telegram: Für manche Beiträge sollt ihr jetzt zahlen,"Der Messenger Telegram experimentiert offenbar mit kostenpflichtigen Beiträgen. Erste Nutzer stehen bereits vor der neuen Bezahlschranke. Nur wer zahlt, bekommt Inhalte zu sehen. Telegram hat sich noch nicht offiziell geäußert, bislang handelt es sich nur um einen kleinen Test."
2022-10-28 15:30:00,Microsoft begräbt Hoffnung: Auf die Streaming-Xbox könnt ihr lange warten,"Zu früh gefreut: Nachdem Xbox-Chef Phil Spencer bereits mehr oder weniger versehentlich einen Prototyp gezeigt hatte, folgt jetzt der Dämpfer. Mit einer Xbox-Konsole für Streaming ist in nächster Zeit nicht zu rechnen, wie Spencer bestätigt. Am Projekt Keystone wird aber weiter gearbeitet."
2022-10-28 15:12:00,iPhone 15 ganz anders: Bei Apple rappelt es in der Kiste,"Schon jetzt wird ein spannendes Detail des iPhone 15 bekannt, auch wenn die neuen Apple-Handys erst im Herbst 2023 erwartet werden. Zumindest bei den beiden Pro-Modellen wird’s dann wortwörtlich ordentlich rappeln beziehungsweise vibrieren – aus gutem Grund."
2022-10-28 14:30:00,Elon Musk übernimmt Twitter: Bisherige Chefs fliegen raus,Der reichste Mensch der Welt hat Twitter endgültig für eine Kaufsumme von 44 Milliarden US-Dollar übernommen. In einem ersten Schritt hat sich Musk der Führungsetage entledigt. Sie sollen bereits aus dem Twitter-Hauptquartier eskortiert worden sein.
2022-10-28 13:30:00,Pixel-Handys von der Konkurrenz abgehängt – doch Google stört das nicht,In neueren Pixel-Smartphones lässt Google seinen eigenen Tensor-Prozess zum Einsatz kommen. In Benchmarks liegen die Handys hinter denen der Konkurrenz oft zurück – doch das ist laut Google überhaupt kein Problem. Ein anderes Thema sei viel wichtiger als die Spitzenleistung.
2022-10-28 13:19:00,Xbox Series X|S: Microsoft-Chef feiert großen Rekord,"Microsoft kann zufrieden sein. Auch wenn die Xbox Series X|S im direkten Konkurrenzkampf mit der PlayStation 5 hinterherhinkt, ist sie doch ein großer Erfolg. Auch die Vorgänger-Konsolen können da nicht mithalten."
2022-10-28 13:01:00,Samsung verrät: So erfolgreich ist das Galaxy S22 wirklich,"Das Samsung Galaxy S22 war im Vergleich zum Galaxy S21 nur ein kleines Upgrade – zumindest, wenn man das Galaxy S22 Ultra ausschließt. Letzteres wurde komplett neu entwickelt und übernimmt Fähigkeiten vom eingestellten Galaxy Note. Genau das soll auch das Erfolgsrezept von Samsung gewesen sein, wie das Unternehmen mit den Galaxy-S22-Handys mehr verdient hat als mit den Galaxy-S21-Modellen."
2022-10-28 12:52:00,Silent Hill: Alle Teile des Horrorspiel-Klassikers im Überblick,Mit dem ersten Teil revolutionierte die Reihe das Horror-Genre. Nun feiert sie ihre Rückkehr. Wir zeigen euch alle Silent-Hill-Spiele im Überblick.
2022-10-28 12:22:00,Wärmepumpe: So ermittelt ihr den Stromverbrauch,"Wärmepumpen sind eine Alternative, um das Haus und das Warmwasser zu beheizen. Wir zeigen, wir ihr den Stromverbrauch berechnet."
2022-10-28 12:04:00,E-Autos in der Bredouille: Zulieferer schlagen Alarm,"Verbrenner sind Geschichte, E-Autos die Zukunft. Darauf stellen sich immer mehr Hersteller ein, auch die EU will es so. Doch ganz so einfach ist das alles nicht. Zwei der größten Automobilzulieferer sehen große Probleme für den Erfolg von Elektroautos kommen. Damit sind sie nicht alleine."
2022-10-28 11:59:00,Fußball live 1. FC Slovacko – 1. FC Köln im Live-Stream & TV heute: Wo sieht man die Übertragung?,Gestern wurde das Köln-Spiel in der Conference League nach 7 Minuten unterbrochen. Heute wird der Rest nachgeholt. Ihr könnt die Übertragung des Spiels zwischen dem 1. FC Köln und 1. FC Slovacko im Live-Stream bei RTL+ einschalten. Los geht es um 13 Uhr.
2022-10-28 11:54:00,Call of Duty: Modern Warfare 2 – Disc-Version stellt euch vor ein riesiges Problem,"Das nächste Call of Duty ist da. Der neuste Teil der Shooter-Reihe mit dem Namen Modern Warfare 2 wird dabei komplett digital, aber auch traditionell auf einer Disc verkauft. Um einen gewaltigen Download kommt ihr aber in beiden Fällen nicht herum."
2022-10-28 11:29:00,Nothing Ear Stick ausprobiert: Durchsichtiger Fashion-Kopfhörer,"Die Flut an True-Wireless-Kopfhörern reisst einfach nicht ab. Wie soll sich da ein neues Modell überhaupt noch von der Masse abheben? Die Marke Nothing hat den Dreh vielleicht raus – im wahrsten Sinne des Wortes, wie unser Hands-On zeigt."
2022-10-28 10:59:00,„John Wick“-Reihenfolge: So schaut ihr die Action-Reihe richtig,"Die „John Wick“-Reihe zeichnet sich durch harte Action und einen coolen Keanu Reeves aus. Wir verraten euch, in welcher Reihenfolge ihr die Filme schauen solltet."
2022-10-28 09:36:00,7 Gratis-Games: Amazon verschenkt Fallout: New Vegas & weitere Highlights,"Im November spendiert euch Amazon gleich 7 neue Gratis-Games – darunter auch das RPG-Highlight Fallout: New Vegas. Wir zeigen euch hier, worauf ihr euch diesen Monat bei Prime Gaming freuen könnt."
2022-10-28 09:34:00,Galaxy S23 Ultra: Samsung erreicht bei der Kamera komplett neues Level,Samsung wird in einigen Monaten das Galaxy S23 Ultra als neues Flaggschiff-Smartphone vorstellen. Dort soll eine komplett neue 200-MP-Kamera zum Einsatz kommen. Bisher waren die Erwartungen an die Bildqualität eher gedämpft. Tatsächlich soll die Kamera des Galaxy S23 Ultra aber sehr gut werden.
2022-10-28 09:34:00,EU-Entscheidung gefallen: Verbrenner-Aus kommt 2035 – doch es gibt einen Haken,"Das Verbrenner-Aus in der EU ab 2035 steht. Darauf haben sich Parlament und die Mitgliedsstaaten geeinigt, nachdem zuvor die EU-Kommission den Plan gefasst hatte. Von dem Jahr an sollen demnach nur noch emissionsfreie Autos innerhalb der EU verkauft werden können. Doch es gibt ein Schlupfloch."
2022-10-28 09:03:00,iPad 2022 ausgebremst: Weitere fiese Beschränkung Apples aufgedeckt,"Das neue iPad der 10. Generation des Jahrgangs 2022 steht erneut in der Kritik. Nicht nur ist es viel teurer als der Vorgänger, auch wird das Tablet offensichtlich bewusst bei den Features beschnitten. Jetzt wird bekannt: Apple hat noch eine weitere Beschränkung verbaut, die der Hersteller bisher verschweigt – richtig fies."
2022-10-28 08:48:00,Redmi Note 12 vorgestellt: Günstiges Xiaomi-Handy der Superlative,"Xiaomi hat heute die Redmi-Note-12-Smartphones offiziell vorgestellt und dort tatsächlich Funktionen integriert, die nicht einmal die teuren High-End-Smartphones besitzen. Das Redmi Note 12 Discovery Edition stellt dabei die Speerspitze mit der 210-Watt-Schnellladefunktion dar."
2022-10-27 18:15:00,Samsung-Handys: So einfach bekommt ihr Speicherplatz zurück,"Samsung hat vor einiger Zeit eine neue Funktion eingeführt, die euch zwar mehr Arbeitsspeicher zur Verfügung stellt, gleichzeitig aber Speicherplatz kostet. Dieses Feature wurde immer wieder ausgebaut, bekommt jetzt aber eine wichtige Eigenschaft spendiert, die eigentlich von Beginn an schon hätte da sein müssen."
2022-10-27 16:40:00,Rundfunkbeitrag geprellt? Beitragsservice nimmt Gratis-Gucker ins Visier,"Ob man will oder nicht: Der Rundfunkbeitrag ist Pflicht in Deutschland. 18,36 Euro müssen Haushalte pro Monat für ARD, ZDF und Deutschlandradio zahlen. Einige entziehen sich aber der Finanzierung und gucken schwarz. Das will der Beitragsservice nicht hinnehmen und tut sich deshalb mit dem Einwohnermeldeamt zusammen."
2022-10-27 16:30:00,Samsung mit Problemen: So ein schlechtes Ergebnis gab es lange nicht,Selbst bei Samsung läuft es nicht mehr so richtig: Erstmals seit drei Jahren hat der Konzern weniger Gewinn gemacht. Den schwachen PC- und Speicher-Markt bekommt Samsung deutlich zu spüren – doch Smartphones verkaufen sich trotzdem bestens.
2022-10-27 15:20:00,"Bei iPhone, iPad und Co richtig sparen: Restposten so attraktiv wie nie zuvor","Apples neue Produkte werden von Mal zu Mal teurer. Dies liegt aber nicht an der Gier des Herstellers, vielmehr macht uns die eigene Währung derzeit einen Strich durch die Rechnung. Wer da bei iPhone, iPad und Co. richtig sparen will, muss klug sein und unter anderem zu Restposten greifen."
2022-10-27 15:00:00,Huawei Mate 50 Pro im Hands-On-Video: Teures Kamera-Smartphone für Deutschland,Huawei bringt das Mate 50 Pro als neues High-End-Smartphone nach Deutschland. Nach der Vorstellung im September in China kommt das Handy bald zu uns. Der Preis fällt ziemlich hoch aus und ihr müsst auch auf einige Funktionen verzichten. Dafür bekommt ihr aber auch ein Google-freies Android-Handy mit starker Kamera. Wir konnten uns einen ersten Eindruck verschaffen.
2022-10-27 14:59:00,Heizung bleibt aus: Die Deutschen frieren für den Kontostand,"Heizen ist in Deutschland derzeit so teuer wie nie, doch die kalten Monate kommen immer näher. Da ist es kein Wunder, dass viele Menschen sparen wollen und die Heizung eher noch abgestellt lassen. Dabei gibt es aber klare Unterschiede in der Sparbereitschaft."
2022-10-27 14:38:00,PS Plus Essential: Das sind die kostenlosen November-Spiele,"Sony hat drei neue Spiele angekündigt, die ab dem 1. November über das PS-Plus-Essential-Abo kostenlos zu haben sind. Um welche Games es sich hierbei handelt und wo ihr sie bekommt, erfahrt ihr in unserer Übersicht."
2022-10-27 14:30:00,Volkswagen denkt um: Neue Namen sollen E-Auto-Kunden helfen,"Volkswagen-Chef Thomas Schäfer findet, dass sich die eigene Produktpalette „hier und da überschneidet“. Nun soll für mehr Klarheit gesorgt werden, was die Bezeichnungen der Autos angeht. Der Buchstabe X spielt dabei eine große Rolle – und die Zukunft von Golf und Polo ist ungewiss."
2022-10-27 13:30:00,Apple stichelt gegen Facebook: Metaverse ist ein verbotenes Wort,"Obwohl Apple eigene VR-Ziele verfolgt, möchte man sich mit Facebooks Metaverse nicht anfreunden. Jetzt hat sich der Marketing-Vizepräsident von Apple abwertend geäußert. Metaverse sei ein Wort, dass er niemals benutzten würde. Zuvor hatte bereits Tim Cook gegen Facebook gestichelt."
2022-10-27 12:30:00,Neue Angebote bei Aldi: Ab heute (27.10.) lockt wieder das Sonderregal,"Bei Aldi gibt es ab heute, den 27. Oktober, wieder einige neue Angebote. In den Filialen des Discounters, aber auch im Online-Shop lohnt sich das Vorbeischauen. In der Übersicht zeigen wir, welche der Angebote sich lohnen."
2022-10-27 12:28:00,Ab heute (27.10.) bei Lidl: Starke Rabatte beim Discounter,"Lidl lockt ab heute, den 27. Oktober, wieder in die Filialen und in den Online-Shop. Welche der neuen Angebote sich wirklich lohnen, klären wir in unserer Übersicht."
2022-10-27 12:14:00,Xbox-Chef kündigt Preiserhöhung an: Gamer müssen tiefer in die Tasche greifen,Für preisbewusste Konsolen-Gamer ist die Xbox die erste Wahl. Im Gegensatz zu Sony hat Microsoft die Preise für Series X und Series S nicht angehoben und der Game Pass bietet für kleines Geld eine riesige Auswahl an Spielen. Die Tage des günstigen Game-Vergnügens sind aber auch bei der Xbox gezählt.
2022-10-27 11:42:00,VW drückt auf die Tube: Verbrenner-Aus kommt früher als gedacht,"VW macht Ernst: Statt wie bisher angekündigt, ab 2035 keine Autos mit Verbrennungsmotor mehr in Europa anbieten zu wollen, gibt es jetzt ein neues Datum. Volkswagen wird jedoch nicht nur das Aus für den Verbrenner deutlich vorziehen, sondern setzt sich auch neue Ziele für die Produktion und Entwicklung neuer E-Autos."
2022-10-27 11:35:00,AirPods belauschen iPhone-Nutzer: Was ihr jetzt sofort tun müsst,"Ein aktuelles Sicherheitsrisiko fürs iPhone erfordert von Nutzerinnen und Nutzern jetzt schnelles Handeln. Wie nämlich bekannt wird, könnten andernfalls Apples AirPods einfach ungefragt mithören und die Anwender so belauschen."
2022-10-27 10:43:00,Galaxy S22: Samsung macht die Kamera des Top-Handys noch besser,"Samsung hat die Galaxy-S22-Smartphones zwar vor einigen Monaten auf den Markt gebracht, doch das hindert das Unternehmen nicht daran, die Smartphones mit neuen Funktionen aufzurüsten. Dieses Mal geht es um die Kamera und neue Möglichkeiten durch zwei zusätzliche Apps."
2022-10-27 09:45:00,Günstiges E-Auto: VW geht den Mittelweg,"VW hält am Plan fest, ein erschwingliches E-Auto zu bauen. Jetzt hat Markenchef Thomas Schäfer bekräftigt, was der Volksstromer voraussichtlich kosten wird. Doch bei nur einem günstigen Elektroauto soll es nicht bleiben."
2022-10-27 09:01:00,So ein iPad gab es noch nie: Apple arbeitet an übergroßer Überraschung,"Beim iPad offeriert Apple unterschiedliche Bildschirmgrößen. Los geht’s aktuell mit dem iPad mini und 8,3 Zoll. Doch spätestens beim iPad Pro und einem Display von 12,9 Zoll ist Schluss. Ändern soll sich dies in greifbarer Zukunft, denn Apple plant im wahrsten Sinne des Wortes eine übergroße Überraschung."
2022-10-27 08:32:00,Samsung legt los: Brandneues Software-Update wird viel früher für erstes Handy verteilt,"Samsung ist zwar bekannt für seine Schnelligkeit bei Software-Updates, doch dieses Mal hat sich das Unternehmen selbst übertroffen. Obwohl der November noch nicht einmal angefangen hat, bekommt das erste Galaxy-Smartphone schon die neue Software spendiert. Weitere Modelle dürften sehr schnell folgen."
2022-10-27 07:00:00,Handyverträge unter 10 Euro im Monat:  Aktuelle Angebote im Vergleich,"Gute Handyverträge, mit viel LTE-Datenvolumen sowie der Möglichkeit, unbegrenzt zu telefonieren und SMS zu schreiben, gibt es mittlerweile für unter 10 Euro im Monat. Wir haben uns alle verfügbaren Angebote angesehen und die besten für euch übersichtlich zusammengefasst."
2022-10-27 06:55:00,Aldi führt Versandkosten ein: So viel teurer macht das den Onlineshop,"Aldi Nord und Aldi Süd sind längst nicht mehr nur beliebte Lebensmittel-Discounter. Gerade online werdet ihr auch bei allerlei Geräten fündig, vom Haushalt über Technik wie TVs und Smartphones bis zu Möbeln oder Equipment für den Garten. Doch dafür müsst ihr ab sofort tiefer in die Tasche greifen."
2022-10-26 18:15:00,Ausgaben im Blick: Diese kostenlose App darf auf eurem Handy nicht fehlen,"Steigende Lebenshaltungskosten und die hohe Inflation sorgen in Deutschland dafür, dass viele Menschen deutlich mehr aufs Geld achten müssen. Davon sind auch Menschen betroffen, die eigentlich genug verdienen, durch die steigenden Kosten aber doch nicht mehr so unbeschwert leben können. Kostenlose Apps können euch beim Umgang mit eurem Geld und den Ausgaben helfen."
2022-10-26 18:01:00,Sony-Kopfhörer bekommen eine nützliche Funktion per Update nachgereicht,"Neben Klang, Design, Bedienung und Tragekomfort gibt es ein wichtiges Merkmal, das Kopfhörer deutlich aufwertet. Sony wird es ab November für ausgewählte Modelle per Firmware-Update nachliefern."
2022-10-26 17:30:00,PlayStation 5 mit God of War Ragnarök: Dieses Bundle ergibt Sinn,"Sony hat ein neues Bundle angekündigt, bei dem neben der PlayStation 5 noch das Spiel God of War Ragnarök mit im Paket liegt. Erstmals steht damit die PS5 flächendeckend in der neuen Hardware-Version bereit, die weniger auf die Waage bringt."
2022-10-26 16:48:00,Deutsche Autofahrer atmen auf: Langfinger so schlecht wie nie,"Nichtsahnend kommt man zum Parkplatz und sieht: nichts. Wenn das Auto geklaut wurde, bricht für viele Fahrzeugbesitzer eine Welt zusammen. Neben Versicherungsärger befindet sich im Pkw oft auch Persönliches, das für immer verloren ist. Umso erfreulicher, wenn dieser Alptraum immer seltener wird. Die neueste Statistik zu den Autodiebstählen in Deutschland unterschreitet sogar eine magische Grenze."
